frame,mode,fps,mse,timestamp
0,Path Tracing,0.5921158471931607,0.0,2025-12-24T11:28:49.189056
1,Path Tracing,1.3831111343385383,0.0,2025-12-24T11:28:50.014703
2,Path Tracing,1.3461051793678054,0.0,2025-12-24T11:28:50.826505
3,Path Tracing,1.3173324860546145,0.0,2025-12-24T11:28:51.649293
4,Path Tracing,1.3407866772317674,0.0,2025-12-24T11:28:52.457631
5,Path Tracing,1.356221837184876,0.0,2025-12-24T11:28:53.258912
6,Path Tracing,1.3798059331066017,0.0,2025-12-24T11:28:54.039250
7,Path Tracing,1.3613712274095366,0.0,2025-12-24T11:28:54.851664
8,Path Tracing,1.3605693928506875,0.0,2025-12-24T11:28:55.663177
9,Path Tracing,1.44270374220565,0.0,2025-12-24T11:28:56.522187
10,Path Tracing,1.3502328476513723,0.0,2025-12-24T11:28:57.317373
11,Path Tracing,1.4502794180168477,0.0,2025-12-24T11:28:58.057967
12,Path Tracing,1.40518256630881,0.0,2025-12-24T11:28:58.824472
13,Path Tracing,1.3242782717686388,0.0,2025-12-24T11:28:59.634993
14,Path Tracing,1.335872559738465,0.0,2025-12-24T11:29:00.451833
15,Path Tracing,1.3562545782209985,0.0,2025-12-24T11:29:01.261356
16,Path Tracing,1.3544614878310988,0.0,2025-12-24T11:29:02.071419
17,Path Tracing,1.3240727683712725,0.0,2025-12-24T11:29:02.898142
18,Path Tracing,1.409400362300853,0.0,2025-12-24T11:29:03.673978
19,Path Tracing,1.4138382242216143,0.0,2025-12-24T11:29:04.445721
20,Path Tracing,1.3405868017438771,0.0,2025-12-24T11:29:05.269499
21,Path Tracing,1.334088249354161,0.0,2025-12-24T11:29:06.091169
22,Path Tracing,1.4355531387400857,0.0,2025-12-24T11:29:06.859297
23,Path Tracing,1.384413771375028,0.0,2025-12-24T11:29:07.647412
24,Path Tracing,1.3143630438908358,0.0,2025-12-24T11:29:08.466827
25,Path Tracing,1.4113258333425494,0.0,2025-12-24T11:29:09.234772
26,Path Tracing,1.3553009547700592,0.0,2025-12-24T11:29:10.032742
27,Path Tracing,1.4145121878660698,0.0,2025-12-24T11:29:10.798496
28,Path Tracing,1.386319000029123,0.0,2025-12-24T11:29:11.588513
29,Path Tracing,1.3860707374514263,0.0,2025-12-24T11:29:12.378687
30,Path Tracing,1.356112221541739,0.0,2025-12-24T11:29:13.185997
31,Path Tracing,1.34758339885044,0.0,2025-12-24T11:29:13.989918
32,Path Tracing,1.388134283587661,0.0,2025-12-24T11:29:14.790396
33,Path Tracing,1.2489248317543173,0.0,2025-12-24T11:29:15.651369
34,Path Tracing,1.4109058792047469,0.0,2025-12-24T11:29:16.439457
35,Path Tracing,1.3225538144181637,0.0,2025-12-24T11:29:17.267642
36,Path Tracing,1.335760856093804,0.0,2025-12-24T11:29:18.070413
37,Path Tracing,1.368922395100337,0.0,2025-12-24T11:29:18.873983
38,Path Tracing,1.3384970764324244,0.0,2025-12-24T11:29:19.684685
39,Path Tracing,1.3537966006192828,0.0,2025-12-24T11:29:20.497350
40,Path Tracing,1.3589523020909475,0.0,2025-12-24T11:29:21.309541
41,Path Tracing,1.4557566441753078,0.0,2025-12-24T11:29:22.068989
42,Path Tracing,1.362436799941671,0.0,2025-12-24T11:29:22.870139
43,Path Tracing,1.3604812838365963,0.0,2025-12-24T11:29:23.668885
44,Path Tracing,1.3944418662260771,0.0,2025-12-24T11:29:24.447859
45,Path Tracing,1.4535490071014732,0.0,2025-12-24T11:29:25.205526
46,Path Tracing,1.3680549323423752,0.0,2025-12-24T11:29:26.002391
47,Path Tracing,1.357279544777476,0.0,2025-12-24T11:29:26.816622
48,Path Tracing,1.4077614958252174,0.0,2025-12-24T11:29:27.604925
49,Path Tracing,1.430969733877932,0.0,2025-12-24T11:29:28.364336
50,Path Tracing,1.360065881421621,0.0,2025-12-24T11:29:29.152647
51,Path Tracing,1.4443403233790524,0.0,2025-12-24T11:29:29.897307
52,Path Tracing,1.4065989464714403,0.0,2025-12-24T11:29:30.660509
53,Path Tracing,1.4545352991671292,0.0,2025-12-24T11:29:31.405905
54,Path Tracing,1.4963402510184338,0.0,2025-12-24T11:29:32.129573
55,Path Tracing,1.4194210295736867,0.0,2025-12-24T11:29:32.884647
56,Path Tracing,1.3244589287896107,0.0,2025-12-24T11:29:33.693321
57,Path Tracing,1.367389724076357,0.0,2025-12-24T11:29:34.487852
58,Path Tracing,1.4171542268930521,0.0,2025-12-24T11:29:35.254604
59,Path Tracing,1.3683398452647189,0.0,2025-12-24T11:29:36.043626
60,Path Tracing,1.3587944230664109,0.0,2025-12-24T11:29:36.849531
61,Path Tracing,1.3322068191474425,0.0,2025-12-24T11:29:37.656814
62,Path Tracing,1.4213853105328096,0.0,2025-12-24T11:29:38.416842
63,Path Tracing,1.3555026699330306,0.0,2025-12-24T11:29:39.217357
64,Path Tracing,1.4099891811510636,0.0,2025-12-24T11:29:39.984100
65,Path Tracing,1.4157796572832975,0.0,2025-12-24T11:29:40.749560
66,Path Tracing,1.3759282182950838,0.0,2025-12-24T11:29:41.535335
67,Path Tracing,1.3712210861878702,0.0,2025-12-24T11:29:42.322299
68,Path Tracing,1.3525044528564474,0.0,2025-12-24T11:29:43.125170
69,Path Tracing,1.3534085322460405,0.0,2025-12-24T11:29:43.925774
70,Path Tracing,1.3100735881502354,0.0,2025-12-24T11:29:44.766725
71,Path Tracing,1.3896823589425944,0.0,2025-12-24T11:29:45.542501
72,Path Tracing,1.4261683349865717,0.0,2025-12-24T11:29:46.298413
73,Path Tracing,1.4067493301063134,0.0,2025-12-24T11:29:47.074731
74,Path Tracing,1.370145864362286,0.0,2025-12-24T11:29:47.866638
75,Path Tracing,1.3676414395566767,0.0,2025-12-24T11:29:48.658362
76,Path Tracing,1.4229313352909683,0.0,2025-12-24T11:29:49.415302
77,Path Tracing,1.3840403265644783,0.0,2025-12-24T11:29:50.207605
78,Path Tracing,1.4071230537815316,0.0,2025-12-24T11:29:50.978337
79,Path Tracing,1.3915519713313047,0.0,2025-12-24T11:29:51.753577
80,Path Tracing,1.2830015255301526,0.0,2025-12-24T11:29:52.595747
81,Path Tracing,1.3051173912820555,0.0,2025-12-24T11:29:53.415377
82,Path Tracing,1.32692252829044,0.0,2025-12-24T11:29:54.233888
83,Path Tracing,1.3790333970289843,0.0,2025-12-24T11:29:55.015612
84,Path Tracing,1.3934293396166515,0.0,2025-12-24T11:29:55.790295
85,Path Tracing,1.313894181370494,0.0,2025-12-24T11:29:56.607354
86,Path Tracing,1.4138997944454192,0.0,2025-12-24T11:29:57.374018
87,Path Tracing,1.3124854641796488,0.0,2025-12-24T11:29:58.208300
88,Path Tracing,1.3494639255367489,0.0,2025-12-24T11:29:59.003930
89,Path Tracing,1.4099468364516368,0.0,2025-12-24T11:29:59.768424
90,Path Tracing,1.335061258512818,0.0,2025-12-24T11:30:00.578921
91,Path Tracing,1.4002887954780003,0.0,2025-12-24T11:30:01.345711
92,Path Tracing,1.4159243917729556,0.0,2025-12-24T11:30:02.113779
93,Path Tracing,1.3938049549675486,0.0,2025-12-24T11:30:02.883280
94,Path Tracing,1.3531543379863216,0.0,2025-12-24T11:30:03.681503
95,Path Tracing,1.3919746258912176,0.0,2025-12-24T11:30:04.464441
96,Path Tracing,1.359259486237337,0.0,2025-12-24T11:30:05.263599
97,Path Tracing,1.3551314355734165,0.0,2025-12-24T11:30:06.055065
98,Path Tracing,1.434349397720793,0.0,2025-12-24T11:30:06.814675
99,Path Tracing,1.3625994253938873,0.0,2025-12-24T11:30:07.605186
100,Path Tracing,1.3996786618353263,0.0,2025-12-24T11:30:08.377774
101,Path Tracing,1.3921624040919396,0.0,2025-12-24T11:30:09.167339
102,Path Tracing,1.4115832259555106,0.0,2025-12-24T11:30:09.932192
103,Path Tracing,1.3994071831766108,0.0,2025-12-24T11:30:10.705932
104,Path Tracing,1.3754768434427578,0.0,2025-12-24T11:30:11.487763
105,Path Tracing,1.354958837694108,0.0,2025-12-24T11:30:12.280347
106,Path Tracing,1.40304030421156,0.0,2025-12-24T11:30:13.062785
107,Path Tracing,1.4172974349357055,0.0,2025-12-24T11:30:13.832615
108,Path Tracing,1.426245425967034,0.0,2025-12-24T11:30:14.596661
109,Path Tracing,1.389221916148086,0.0,2025-12-24T11:30:15.374888
110,Path Tracing,1.4195894830447613,0.0,2025-12-24T11:30:16.139594
111,Path Tracing,1.3621502576625624,0.0,2025-12-24T11:30:16.933055
112,Path Tracing,1.4142027248770235,0.0,2025-12-24T11:30:17.691698
113,Path Tracing,1.3739294686119743,0.0,2025-12-24T11:30:18.471437
114,Path Tracing,1.3853560383887797,0.0,2025-12-24T11:30:19.251196
115,Path Tracing,1.343884258266876,0.0,2025-12-24T11:30:20.066563
116,Path Tracing,1.3837844541008173,0.0,2025-12-24T11:30:20.853964
117,Path Tracing,1.3209456808560263,0.0,2025-12-24T11:30:21.669931
118,Path Tracing,1.3793291797715839,0.0,2025-12-24T11:30:22.452029
119,Path Tracing,1.4063324902759358,0.0,2025-12-24T11:30:23.221928
120,Path Tracing,1.335316367128817,0.0,2025-12-24T11:30:24.033190
121,Path Tracing,1.3430052994251316,0.0,2025-12-24T11:30:24.841109
122,Path Tracing,1.4434638512805769,0.0,2025-12-24T11:30:25.600677
123,Path Tracing,1.3300229947475575,0.0,2025-12-24T11:30:26.407763
124,Path Tracing,1.3905836626457886,0.0,2025-12-24T11:30:27.187916
125,Path Tracing,1.3347898561341367,0.0,2025-12-24T11:30:27.996526
126,Path Tracing,1.4328160437657957,0.0,2025-12-24T11:30:28.749455
127,Path Tracing,1.3816568745756437,0.0,2025-12-24T11:30:29.530265
128,Path Tracing,1.4153834917387593,0.0,2025-12-24T11:30:30.304271
129,Path Tracing,1.4152983562181067,0.0,2025-12-24T11:30:31.073714
130,Path Tracing,1.3811109324926802,0.0,2025-12-24T11:30:31.854892
131,Path Tracing,1.4074423015618145,0.0,2025-12-24T11:30:32.632695
132,Path Tracing,1.34940110208262,0.0,2025-12-24T11:30:33.430573
133,Path Tracing,1.375547605387837,0.0,2025-12-24T11:30:34.219107
134,Path Tracing,1.3615977422147192,0.0,2025-12-24T11:30:35.013167
135,Path Tracing,1.3848836898600028,0.0,2025-12-24T11:30:35.795330
136,Path Tracing,1.4429837439939188,0.0,2025-12-24T11:30:36.548958
137,Path Tracing,1.304005893007505,0.0,2025-12-24T11:30:37.369605
138,Path Tracing,1.3495526166802974,0.0,2025-12-24T11:30:38.170907
139,Path Tracing,1.4439449036522107,0.0,2025-12-24T11:30:38.918345
140,Path Tracing,1.3288792844587305,0.0,2025-12-24T11:30:39.746836
141,Path Tracing,1.401460181289238,0.0,2025-12-24T11:30:40.524259
142,Path Tracing,1.4161455606575504,0.0,2025-12-24T11:30:41.294659
143,Path Tracing,1.3211200192301171,0.0,2025-12-24T11:30:42.115137
144,Path Tracing,1.3277803787194302,0.0,2025-12-24T11:30:42.926906
145,Path Tracing,1.38008604833269,0.0,2025-12-24T11:30:43.716725
146,Path Tracing,1.4598499652297374,0.0,2025-12-24T11:30:44.461077
147,Path Tracing,1.4465658815155849,0.0,2025-12-24T11:30:45.219566
148,Path Tracing,1.3837909647030358,0.0,2025-12-24T11:30:45.992541
149,Path Tracing,1.4260111274962457,0.0,2025-12-24T11:30:46.770986
150,Path Tracing,1.3220200148945789,0.0,2025-12-24T11:30:47.613637
151,Path Tracing,1.3853165039089563,0.0,2025-12-24T11:30:48.393380
152,Path Tracing,1.3526445893284242,0.0,2025-12-24T11:30:49.188606
153,Path Tracing,1.360822306804973,0.0,2025-12-24T11:30:49.980121
154,Path Tracing,1.385085098915559,0.0,2025-12-24T11:30:50.773589
155,Path Tracing,1.303035499449676,0.0,2025-12-24T11:30:51.601480
156,Path Tracing,1.3971971664317964,0.0,2025-12-24T11:30:52.379118
157,Path Tracing,1.4028226193936966,0.0,2025-12-24T11:30:53.153516
158,Path Tracing,1.3800948097875283,0.0,2025-12-24T11:30:53.938491
159,Path Tracing,1.3970341802156134,0.0,2025-12-24T11:30:54.721470
160,Path Tracing,1.3491267507850888,0.0,2025-12-24T11:30:55.530002
161,Path Tracing,1.3606906537671333,0.0,2025-12-24T11:30:56.325230
162,Path Tracing,1.2943909767735642,0.0,2025-12-24T11:30:57.154636
163,Path Tracing,1.407848700296241,0.0,2025-12-24T11:30:57.924387
164,Path Tracing,1.4522054497820165,0.0,2025-12-24T11:30:58.689131
165,Path Tracing,1.362250088479491,0.0,2025-12-24T11:30:59.495094
166,Path Tracing,1.4276106465081049,0.0,2025-12-24T11:31:00.250176
167,Path Tracing,1.4097848372902815,0.0,2025-12-24T11:31:01.023657
168,Path Tracing,1.3777283328039804,0.0,2025-12-24T11:31:01.817551
169,Path Tracing,1.367056988811314,0.0,2025-12-24T11:31:02.605946
170,Path Tracing,1.3236055386427081,0.0,2025-12-24T11:31:03.427425
171,Path Tracing,1.2898771985886819,0.0,2025-12-24T11:31:04.271974
172,Path Tracing,1.3607849008650506,0.0,2025-12-24T11:31:05.069926
173,Path Tracing,1.3740580316777702,0.0,2025-12-24T11:31:05.853140
174,Path Tracing,1.3608847164142206,0.0,2025-12-24T11:31:06.648856
175,Path Tracing,1.3326005806993506,0.0,2025-12-24T11:31:07.454372
176,Path Tracing,1.3393437724765747,0.0,2025-12-24T11:31:08.273051
177,Path Tracing,1.371440357995611,0.0,2025-12-24T11:31:09.058828
178,Path Tracing,1.2726595441502309,0.0,2025-12-24T11:31:09.900812
179,Path Tracing,1.3648245674739066,0.0,2025-12-24T11:31:10.699879
180,Path Tracing,1.3671936149727002,0.0,2025-12-24T11:31:11.503637
181,Path Tracing,1.32007537616487,0.0,2025-12-24T11:31:12.319711
182,Path Tracing,1.3553547763213298,0.0,2025-12-24T11:31:13.139416
183,Path Tracing,1.3318001650921667,0.0,2025-12-24T11:31:13.956501
184,Path Tracing,1.3481020611208532,0.0,2025-12-24T11:31:14.783298
185,Path Tracing,1.3536280074253413,0.0,2025-12-24T11:31:15.592625
186,Path Tracing,1.3430327156647417,0.0,2025-12-24T11:31:16.395602
187,Path Tracing,1.3556812873931863,0.0,2025-12-24T11:31:17.195237
188,Path Tracing,1.365648584709559,0.0,2025-12-24T11:31:18.007694
189,Path Tracing,1.354420394701871,0.0,2025-12-24T11:31:18.804833
190,Path Tracing,1.303153684024796,0.0,2025-12-24T11:31:19.633459
191,Path Tracing,1.358229498992646,0.0,2025-12-24T11:31:20.422463
192,Path Tracing,1.3821843349699277,0.0,2025-12-24T11:31:21.215672
193,Path Tracing,1.365524760125194,0.0,2025-12-24T11:31:22.005143
194,Path Tracing,1.3935371091829487,0.0,2025-12-24T11:31:22.781255
195,Path Tracing,1.3827362884765158,0.0,2025-12-24T11:31:23.565761
196,Path Tracing,1.3685643773044414,0.0,2025-12-24T11:31:24.351690
197,Path Tracing,1.3918035574744858,0.0,2025-12-24T11:31:25.145438
198,Path Tracing,1.3748548669984004,0.0,2025-12-24T11:31:25.931791
199,Path Tracing,1.325993341484386,0.0,2025-12-24T11:31:26.748451
200,Path Tracing,1.3252191052302364,0.0,2025-12-24T11:31:27.562985
201,Path Tracing,1.3718981211971217,0.0,2025-12-24T11:31:28.348440
202,Path Tracing,1.3902175120973457,0.0,2025-12-24T11:31:29.130562
203,Path Tracing,1.383353361938313,0.0,2025-12-24T11:31:29.911042
204,Path Tracing,1.3990475284866195,0.0,2025-12-24T11:31:30.681992
205,Path Tracing,1.3892784658255042,0.0,2025-12-24T11:31:31.475085
206,Path Tracing,1.2870725149133289,0.0,2025-12-24T11:31:32.309427
207,Path Tracing,1.35930309079092,0.0,2025-12-24T11:31:33.122319
208,Path Tracing,1.3766354943839663,0.0,2025-12-24T11:31:33.910471
209,Path Tracing,1.4057206361580983,0.0,2025-12-24T11:31:34.681926
210,Path Tracing,1.307854068981252,0.0,2025-12-24T11:31:35.513658
211,Path Tracing,1.322418094400986,0.0,2025-12-24T11:31:36.337634
212,Path Tracing,1.4036797747122234,0.0,2025-12-24T11:31:37.113894
213,Path Tracing,1.3751923550745226,0.0,2025-12-24T11:31:37.895789
214,Path Tracing,1.3641477950712373,0.0,2025-12-24T11:31:38.686901
215,Path Tracing,1.397176278701112,0.0,2025-12-24T11:31:39.458171
216,Path Tracing,1.3424290959961451,0.0,2025-12-24T11:31:40.259559
217,Path Tracing,1.3126999652114746,0.0,2025-12-24T11:31:41.077950
218,Path Tracing,1.3683003396545053,0.0,2025-12-24T11:31:41.863829
219,Path Tracing,1.3361910004685884,0.0,2025-12-24T11:31:42.680618
220,Path Tracing,1.321499394297217,0.0,2025-12-24T11:31:43.502414
221,Path Tracing,1.3401633417903054,0.0,2025-12-24T11:31:44.310843
222,Path Tracing,1.3920000087947846,0.0,2025-12-24T11:31:45.092717
223,Path Tracing,1.2924495357047023,0.0,2025-12-24T11:31:45.924023
224,Path Tracing,1.3849889906402957,0.0,2025-12-24T11:31:46.705077
225,Path Tracing,1.268169218787113,0.0,2025-12-24T11:31:47.552044
226,Path Tracing,1.355236300997952,0.0,2025-12-24T11:31:48.352530
227,Path Tracing,1.3406135801507482,0.0,2025-12-24T11:31:49.171561
228,Path Tracing,1.4030194382579522,0.0,2025-12-24T11:31:49.947792
229,Path Tracing,1.367225392448114,0.0,2025-12-24T11:31:50.739385
230,Path Tracing,1.3683235560733582,0.0,2025-12-24T11:31:51.537735
231,Path Tracing,1.3678797753903096,0.0,2025-12-24T11:31:52.329998
232,Path Tracing,1.2994992249324444,0.0,2025-12-24T11:31:53.168565
233,Path Tracing,1.2921938441063738,0.0,2025-12-24T11:31:54.000419
234,Path Tracing,1.3003742216213054,0.0,2025-12-24T11:31:54.837491
235,Path Tracing,1.4196914612982325,0.0,2025-12-24T11:31:55.606643
236,Path Tracing,1.3948030475158808,0.0,2025-12-24T11:31:56.396592
237,Path Tracing,1.4038060834350818,0.0,2025-12-24T11:31:57.184388
238,Path Tracing,1.3151154770915596,0.0,2025-12-24T11:31:58.000980
239,Path Tracing,1.3871993955989192,0.0,2025-12-24T11:31:58.796647
240,Path Tracing,1.3918312587863755,0.0,2025-12-24T11:31:59.581076
241,Path Tracing,1.3109934800493588,0.0,2025-12-24T11:32:00.403715
242,Path Tracing,1.4104069982650465,0.0,2025-12-24T11:32:01.176838
243,Path Tracing,1.3965616373118843,0.0,2025-12-24T11:32:01.952678
244,Path Tracing,1.364981987788563,0.0,2025-12-24T11:32:02.739282
245,Path Tracing,1.4442385281444807,0.0,2025-12-24T11:32:03.503898
246,Path Tracing,1.3450427374009775,0.0,2025-12-24T11:32:04.306640
247,Path Tracing,1.3859366513133033,0.0,2025-12-24T11:32:05.093692
248,Path Tracing,1.3512262717495902,0.0,2025-12-24T11:32:05.915074
249,Path Tracing,1.302801570622456,0.0,2025-12-24T11:32:06.760240
250,Path Tracing,1.391703996694183,0.0,2025-12-24T11:32:07.551311
251,Path Tracing,1.321978594715416,0.0,2025-12-24T11:32:08.375351
252,Path Tracing,1.3447372430523414,0.0,2025-12-24T11:32:09.180414
253,Path Tracing,1.3252442194341245,0.0,2025-12-24T11:32:09.992916
254,Path Tracing,1.3815543702931836,0.0,2025-12-24T11:32:10.787582
255,Path Tracing,1.3334842838687582,0.0,2025-12-24T11:32:11.596844
256,Path Tracing,1.3727229787403927,0.0,2025-12-24T11:32:12.385564
257,Path Tracing,1.4225902494569767,0.0,2025-12-24T11:32:13.161285
258,Path Tracing,1.2715854814163454,0.0,2025-12-24T11:32:14.004766
259,Path Tracing,1.2883875056686052,0.0,2025-12-24T11:32:14.849228
260,Path Tracing,1.367193989036931,0.0,2025-12-24T11:32:15.643566
261,Path Tracing,1.3856071168544362,0.0,2025-12-24T11:32:16.421573
262,Path Tracing,1.3648994541123467,0.0,2025-12-24T11:32:17.219922
263,Path Tracing,1.366638682572323,0.0,2025-12-24T11:32:18.009762
264,Path Tracing,1.376778591422901,0.0,2025-12-24T11:32:18.791903
265,Path Tracing,1.3183051815410698,0.0,2025-12-24T11:32:19.606921
266,Path Tracing,1.3034477102846274,0.0,2025-12-24T11:32:20.434393
267,Path Tracing,1.3376081505884432,0.0,2025-12-24T11:32:21.249537
268,Path Tracing,1.3302253945945346,0.0,2025-12-24T11:32:22.057437
269,Path Tracing,1.3526467849255683,0.0,2025-12-24T11:32:22.859132
270,Path Tracing,1.3551494322715036,0.0,2025-12-24T11:32:23.674499
271,Path Tracing,1.3103745232840063,0.0,2025-12-24T11:32:24.512432
272,Path Tracing,1.3796879035979235,0.0,2025-12-24T11:32:25.296788
273,Path Tracing,1.3625801162938118,0.0,2025-12-24T11:32:26.100504
274,Path Tracing,1.3728778911641273,0.0,2025-12-24T11:32:26.889216
275,Path Tracing,1.3749023132271008,0.0,2025-12-24T11:32:27.680131
276,Path Tracing,1.400925170949534,0.0,2025-12-24T11:32:28.453671
277,Path Tracing,1.327458180602698,0.0,2025-12-24T11:32:29.267550
278,Path Tracing,1.2849001364449883,0.0,2025-12-24T11:32:30.110272
279,Path Tracing,1.4028300975534482,0.0,2025-12-24T11:32:30.883460
280,Path Tracing,1.396990853616728,0.0,2025-12-24T11:32:31.677678
281,Path Tracing,1.3440367039585388,0.0,2025-12-24T11:32:32.496561
282,Path Tracing,1.3683641862661946,0.0,2025-12-24T11:32:33.297365
283,Path Tracing,1.3707776791928277,0.0,2025-12-24T11:32:34.086649
284,Path Tracing,1.3642572246887867,0.0,2025-12-24T11:32:34.876613
285,Path Tracing,1.4107249518456744,0.0,2025-12-24T11:32:35.639338
286,Path Tracing,1.3825432076051365,0.0,2025-12-24T11:32:36.449295
287,Path Tracing,1.3919227003819974,0.0,2025-12-24T11:32:37.233031
288,Path Tracing,1.4096914312776816,0.0,2025-12-24T11:32:38.005690
289,Path Tracing,1.3626671975658493,0.0,2025-12-24T11:32:38.794850
290,Path Tracing,1.4176767848972849,0.0,2025-12-24T11:32:39.563234
291,Path Tracing,1.3464642321374378,0.0,2025-12-24T11:32:40.362354
292,Path Tracing,1.3829045613463795,0.0,2025-12-24T11:32:41.155414
293,Path Tracing,1.4269331054787873,0.0,2025-12-24T11:32:41.910664
294,Path Tracing,1.4252438911804266,0.0,2025-12-24T11:32:42.674104
295,Path Tracing,1.3075751488865188,0.0,2025-12-24T11:32:43.517648
296,Path Tracing,1.3946320612360164,0.0,2025-12-24T11:32:44.292356
297,Path Tracing,1.4045448825536109,0.0,2025-12-24T11:32:45.077380
298,Path Tracing,1.3940410320432701,0.0,2025-12-24T11:32:45.850635
299,Path Tracing,1.3984869768152512,0.0,2025-12-24T11:32:46.679597
300,Pure Grid,72.51421278418591,0.0631992295384407,2025-12-24T11:32:46.993677
301,Pure Grid,70.27258749547785,0.06290078163146973,2025-12-24T11:32:47.078760
302,Pure Grid,69.30343132937345,0.06279674172401428,2025-12-24T11:32:47.164263
303,Pure Grid,71.60912849109664,0.06274224072694778,2025-12-24T11:32:47.252900
304,Pure Grid,70.00546023928521,0.0627129077911377,2025-12-24T11:32:47.343843
305,Pure Grid,72.9048954592703,0.06269484013319016,2025-12-24T11:32:47.435431
306,Pure Grid,68.58898701127889,0.06268125027418137,2025-12-24T11:32:47.525635
307,Pure Grid,66.22034170095266,0.06267105787992477,2025-12-24T11:32:47.609859
308,Pure Grid,71.42755119826991,0.06266272813081741,2025-12-24T11:32:47.695911
309,Pure Grid,66.14456563160567,0.06265576928853989,2025-12-24T11:32:47.795713
310,Pure Grid,71.6286198390707,0.062649667263031,2025-12-24T11:32:47.896797
311,Pure Grid,69.30343132937345,0.06264599412679672,2025-12-24T11:32:47.990430
312,Pure Grid,68.75167562075352,0.0626424252986908,2025-12-24T11:32:48.081577
313,Pure Grid,71.9517635055012,0.06264016032218933,2025-12-24T11:32:48.164190
314,Pure Grid,72.80669798243052,0.06263598799705505,2025-12-24T11:32:48.247614
315,Pure Grid,64.47245438070021,0.06263391673564911,2025-12-24T11:32:48.332028
316,Pure Grid,67.46227196331684,0.06263267248868942,2025-12-24T11:32:48.421782
317,Pure Grid,45.311197415796755,0.06262990087270737,2025-12-24T11:32:48.524172
318,Pure Grid,46.92236226909051,0.06262828409671783,2025-12-24T11:32:48.620360
319,Pure Grid,47.31152285264196,0.06262657046318054,2025-12-24T11:32:48.720169
320,Pure Grid,47.88859202319614,0.06262586265802383,2025-12-24T11:32:48.818029
321,Pure Grid,43.81583333562446,0.06262455880641937,2025-12-24T11:32:48.933164
322,Pure Grid,48.90023385989096,0.06262357532978058,2025-12-24T11:32:49.051786
323,Pure Grid,40.67835221452292,0.06262194365262985,2025-12-24T11:32:49.165068
324,Pure Grid,45.42130531049059,0.06262018531560898,2025-12-24T11:32:49.260807
325,Pure Grid,40.975042045411826,0.06262023001909256,2025-12-24T11:32:49.364035
326,Pure Grid,43.6595430759717,0.06261888146400452,2025-12-24T11:32:49.478921
327,Pure Grid,43.75659087777245,0.06261855363845825,2025-12-24T11:32:49.578451
328,Pure Grid,45.535266961732496,0.0626181811094284,2025-12-24T11:32:49.674275
329,Pure Grid,42.134890773710104,0.06261786818504333,2025-12-24T11:32:49.767636
330,Pure Grid,40.422986109850335,0.06261738389730453,2025-12-24T11:32:49.867527
331,Pure Grid,41.72334094031565,0.06261681765317917,2025-12-24T11:32:49.971897
332,Pure Grid,45.63542762918073,0.06261655688285828,2025-12-24T11:32:50.070820
333,Pure Grid,38.35782476915514,0.06261637806892395,2025-12-24T11:32:50.178453
334,Pure Grid,40.049180357677244,0.06261599063873291,2025-12-24T11:32:50.294237
335,Pure Grid,36.66051989545501,0.06261592358350754,2025-12-24T11:32:50.395358
336,Pure Grid,38.39361136884341,0.06261561810970306,2025-12-24T11:32:50.494496
337,Pure Grid,38.210232735540146,0.06261484324932098,2025-12-24T11:32:50.592586
338,Pure Grid,37.71748844208142,0.06261409819126129,2025-12-24T11:32:50.694467
339,Pure Grid,38.11818162268799,0.06261412799358368,2025-12-24T11:32:50.801901
340,Pure Grid,39.163928436006515,0.06261418759822845,2025-12-24T11:32:50.903694
341,Pure Grid,38.12690148883044,0.06261403858661652,2025-12-24T11:32:51.008375
342,Pure Grid,40.15515955867638,0.06261401623487473,2025-12-24T11:32:51.116534
343,Pure Grid,37.0877236562738,0.06261369585990906,2025-12-24T11:32:51.232806
344,Pure Grid,33.56391747774094,0.06261364370584488,2025-12-24T11:32:51.360135
345,Pure Grid,33.88796636646986,0.06261388212442398,2025-12-24T11:32:51.479415
346,Pure Grid,34.801976691160135,0.06261366605758667,2025-12-24T11:32:51.608041
347,Pure Grid,33.86948729383409,0.0626133531332016,2025-12-24T11:32:51.727422
348,Pure Grid,34.794469093887365,0.06261307746171951,2025-12-24T11:32:51.838731
349,Pure Grid,34.96258991488071,0.06261325627565384,2025-12-24T11:32:51.950484
350,Pure Grid,35.906771717165064,0.06261307746171951,2025-12-24T11:32:52.063037
351,Pure Grid,34.0710858121655,0.06261304765939713,2025-12-24T11:32:52.187445
352,Pure Grid,34.31626556193071,0.06261304020881653,2025-12-24T11:32:52.302009
353,Pure Grid,32.69747648356937,0.06261266767978668,2025-12-24T11:32:52.410962
354,Pure Grid,31.31184089462759,0.0626123920083046,2025-12-24T11:32:52.521161
355,Pure Grid,30.49301100013397,0.06261193752288818,2025-12-24T11:32:52.631832
356,Pure Grid,32.46489736290052,0.06261172890663147,2025-12-24T11:32:52.736520
357,Pure Grid,32.43183641435357,0.06261171400547028,2025-12-24T11:32:52.842637
358,Pure Grid,31.972989251224483,0.06261153519153595,2025-12-24T11:32:52.958773
359,Pure Grid,32.03300682289595,0.06261132657527924,2025-12-24T11:32:53.063811
360,Pure Grid,34.065514789289026,0.06261128932237625,2025-12-24T11:32:53.175584
361,Pure Grid,35.33281744559093,0.06261133402585983,2025-12-24T11:32:53.280040
362,Pure Grid,31.48634444804135,0.06261126697063446,2025-12-24T11:32:53.384760
363,Pure Grid,34.109204081035735,0.06261121481657028,2025-12-24T11:32:53.489715
364,Pure Grid,37.73456760954179,0.06261100620031357,2025-12-24T11:32:53.590803
365,Pure Grid,34.29202396579618,0.06261120736598969,2025-12-24T11:32:53.693496
366,Pure Grid,34.48204521688703,0.0626111850142479,2025-12-24T11:32:53.794450
367,Pure Grid,33.144959430144986,0.06261104345321655,2025-12-24T11:32:53.908107
368,Pure Grid,35.203086603908034,0.06261077523231506,2025-12-24T11:32:54.029144
369,Pure Grid,33.8817661248438,0.06261076033115387,2025-12-24T11:32:54.153114
370,Pure Grid,31.643366596781693,0.06261076033115387,2025-12-24T11:32:54.261818
371,Pure Grid,34.370993631058404,0.06261058151721954,2025-12-24T11:32:54.369023
372,Pure Grid,34.695718521791996,0.06261052191257477,2025-12-24T11:32:54.476580
373,Pure Grid,34.527644507803934,0.06261027604341507,2025-12-24T11:32:54.586557
374,Pure Grid,34.05356629501244,0.06261010468006134,2025-12-24T11:32:54.687470
375,Pure Grid,31.11397357340068,0.06261012703180313,2025-12-24T11:32:54.793891
376,Pure Grid,32.99872623178537,0.06260987371206284,2025-12-24T11:32:54.896690
377,Pure Grid,32.094177153188866,0.06260994076728821,2025-12-24T11:32:55.009696
378,Pure Grid,30.377501188975256,0.06260957568883896,2025-12-24T11:32:55.118474
379,Pure Grid,30.800030840424036,0.06260954588651657,2025-12-24T11:32:55.241266
380,Pure Grid,33.602715163872304,0.06260944902896881,2025-12-24T11:32:55.356826
381,Pure Grid,32.03280159994285,0.06260921061038971,2025-12-24T11:32:55.481630
382,Pure Grid,35.2851924681421,0.06260932236909866,2025-12-24T11:32:55.598041
383,Pure Grid,33.822176540805394,0.06260930746793747,2025-12-24T11:32:55.701922
384,Pure Grid,32.84417416767297,0.06260903924703598,2025-12-24T11:32:55.800022
385,Pure Grid,33.139577308301405,0.06260914355516434,2025-12-24T11:32:55.904659
386,Pure Grid,32.48926227189958,0.06260905414819717,2025-12-24T11:32:56.004730
387,Pure Grid,33.325224231972264,0.06260886043310165,2025-12-24T11:32:56.107377
388,Pure Grid,31.12026729723547,0.06260861456394196,2025-12-24T11:32:56.216845
389,Pure Grid,33.616270311059196,0.06260865181684494,2025-12-24T11:32:56.322525
390,Pure Grid,34.38612173885433,0.0626082718372345,2025-12-24T11:32:56.431662
391,Pure Grid,35.14938490624571,0.06260839104652405,2025-12-24T11:32:56.538108
392,Pure Grid,34.28285413088051,0.06260857731103897,2025-12-24T11:32:56.662872
393,Pure Grid,36.78296209814046,0.06260857731103897,2025-12-24T11:32:56.763484
394,Pure Grid,33.50903236603567,0.0626082718372345,2025-12-24T11:32:56.868049
395,Pure Grid,35.28693577521336,0.06260821968317032,2025-12-24T11:32:56.973955
396,Pure Grid,35.219576427862314,0.06260830163955688,2025-12-24T11:32:57.072246
397,Pure Grid,35.67682499656841,0.06260859221220016,2025-12-24T11:32:57.173175
398,Pure Grid,35.02124028711732,0.06260831654071808,2025-12-24T11:32:57.273650
399,Pure Grid,35.11211300071445,0.06260839104652405,2025-12-24T11:32:57.377410
400,Pure Grid,34.55508600955126,0.06260829418897629,2025-12-24T11:32:57.509245
401,Pure Grid,34.46421926799158,0.06260816007852554,2025-12-24T11:32:57.620957
402,Pure Grid,31.92633958310127,0.06260798871517181,2025-12-24T11:32:57.736690
403,Pure Grid,31.074525937404307,0.0626080259680748,2025-12-24T11:32:57.857813
404,Pure Grid,34.693792545429794,0.06260786950588226,2025-12-24T11:32:57.971902
405,Pure Grid,34.09699226473872,0.06260781735181808,2025-12-24T11:32:58.072937
406,Pure Grid,33.39422217554339,0.06260766834020615,2025-12-24T11:32:58.174562
407,Pure Grid,34.520493124216905,0.06260760128498077,2025-12-24T11:32:58.272837
408,Pure Grid,33.28063894354127,0.06260766088962555,2025-12-24T11:32:58.395063
409,Pure Grid,34.37831957470357,0.06260750442743301,2025-12-24T11:32:58.498831
410,Pure Grid,35.04099802286904,0.0626075491309166,2025-12-24T11:32:58.597234
411,Pure Grid,34.621962759648106,0.06260747462511063,2025-12-24T11:32:58.700582
412,Pure Grid,33.64114994863713,0.06260745227336884,2025-12-24T11:32:58.807496
413,Pure Grid,33.51902883512996,0.06260737776756287,2025-12-24T11:32:58.908800
414,Pure Grid,32.96554768938553,0.06260739266872406,2025-12-24T11:32:59.011117
415,Pure Grid,34.77075652675142,0.06260737776756287,2025-12-24T11:32:59.105692
416,Pure Grid,36.525410766557826,0.06260736286640167,2025-12-24T11:32:59.205341
417,Pure Grid,33.99949683527978,0.06260725855827332,2025-12-24T11:32:59.303215
418,Pure Grid,33.60949130497254,0.06260733306407928,2025-12-24T11:32:59.423825
419,Pure Grid,34.79531657953763,0.06260736286640167,2025-12-24T11:32:59.541401
420,Pure Grid,35.00518083473843,0.06260720640420914,2025-12-24T11:32:59.641897
421,Pure Grid,33.349118542503064,0.06260702759027481,2025-12-24T11:32:59.739575
422,Pure Grid,33.95977803308908,0.06260690838098526,2025-12-24T11:32:59.846643
423,Pure Grid,33.0261897064157,0.06260669231414795,2025-12-24T11:32:59.959815
424,Pure Grid,34.17938700438005,0.06260675191879272,2025-12-24T11:33:00.066757
425,Pure Grid,33.20736676287315,0.06260672956705093,2025-12-24T11:33:00.165410
426,Pure Grid,32.31330983028101,0.06260652840137482,2025-12-24T11:33:00.265421
427,Pure Grid,33.27144845344221,0.06260652840137482,2025-12-24T11:33:00.370126
428,Pure Grid,31.970229333952368,0.06260665506124496,2025-12-24T11:33:00.490753
429,Pure Grid,32.24807798114653,0.0626065731048584,2025-12-24T11:33:00.597673
430,Pure Grid,32.37450826883838,0.06260661035776138,2025-12-24T11:33:00.700605
431,Pure Grid,32.81109021460377,0.0626065731048584,2025-12-24T11:33:00.804113
432,Pure Grid,33.335444563185675,0.06260640174150467,2025-12-24T11:33:00.908010
433,Pure Grid,32.101595064541364,0.06260654330253601,2025-12-24T11:33:01.014685
434,Pure Grid,31.62605352331701,0.06260664016008377,2025-12-24T11:33:01.125465
435,Pure Grid,32.89614367098422,0.06260665506124496,2025-12-24T11:33:01.229461
436,Pure Grid,34.569540077058704,0.06260678172111511,2025-12-24T11:33:01.331624
437,Pure Grid,34.09513218424189,0.06260671466588974,2025-12-24T11:33:01.442389
438,Pure Grid,33.401695570856724,0.06260677427053452,2025-12-24T11:33:01.557841
439,Pure Grid,32.17265131227738,0.06260663270950317,2025-12-24T11:33:01.664923
440,Pure Grid,32.731402794585776,0.06260659545660019,2025-12-24T11:33:01.769366
441,Pure Grid,34.1582550806089,0.06260645389556885,2025-12-24T11:33:01.867748
442,Pure Grid,34.01811808468569,0.06260652095079422,2025-12-24T11:33:01.964295
443,Pure Grid,30.8722967818825,0.06260644644498825,2025-12-24T11:33:02.065843
444,Pure Grid,34.65772031795114,0.06260634958744049,2025-12-24T11:33:02.166777
445,Pure Grid,32.597817838401745,0.06260634958744049,2025-12-24T11:33:02.267631
446,Pure Grid,33.159247343742635,0.06260644644498825,2025-12-24T11:33:02.370032
447,Pure Grid,32.331488277802215,0.06260644644498825,2025-12-24T11:33:02.471342
448,Pure Grid,33.561664538708094,0.06260640919208527,2025-12-24T11:33:02.572926
449,Pure Grid,34.23907097970905,0.06260646134614944,2025-12-24T11:33:02.683853
450,Pure Grid,33.35657176143627,0.06260639429092407,2025-12-24T11:33:02.788330
451,Pure Grid,34.23238990659026,0.06260634958744049,2025-12-24T11:33:02.894843
452,Pure Grid,33.18830048404519,0.06260629743337631,2025-12-24T11:33:02.993393
453,Pure Grid,35.82085275487829,0.06260620057582855,2025-12-24T11:33:03.088928
454,Pure Grid,34.36650499536757,0.06260621547698975,2025-12-24T11:33:03.189644
455,Pure Grid,33.991984795154664,0.06260620802640915,2025-12-24T11:33:03.291914
456,Pure Grid,30.84725065285256,0.06260616332292557,2025-12-24T11:33:03.391555
457,Pure Grid,31.71290931501961,0.0626060888171196,2025-12-24T11:33:03.500368
458,Pure Grid,32.78839018008101,0.06260615587234497,2025-12-24T11:33:03.598814
459,Pure Grid,32.92484579948844,0.06260616332292557,2025-12-24T11:33:03.698403
460,Pure Grid,31.895790112785264,0.06260619312524796,2025-12-24T11:33:03.800377
461,Pure Grid,34.88270702783351,0.06260614097118378,2025-12-24T11:33:03.906683
462,Pure Grid,33.215639226813224,0.06260613352060318,2025-12-24T11:33:04.010505
463,Pure Grid,35.395598923868356,0.062606081366539,2025-12-24T11:33:04.107729
464,Pure Grid,35.15927145178035,0.06260600686073303,2025-12-24T11:33:04.208064
465,Pure Grid,33.855841831365424,0.0626058354973793,2025-12-24T11:33:04.304071
466,Pure Grid,33.99949683527978,0.06260582059621811,2025-12-24T11:33:04.402620
467,Pure Grid,34.69210749150668,0.0626058280467987,2025-12-24T11:33:04.502811
468,Pure Grid,33.59944094485414,0.06260580569505692,2025-12-24T11:33:04.604721
469,Pure Grid,33.719193330419955,0.06260575354099274,2025-12-24T11:33:04.701571
470,Pure Grid,33.97546969021908,0.06260572373867035,2025-12-24T11:33:04.810035
471,Pure Grid,31.34678323958743,0.06260574609041214,2025-12-24T11:33:04.914561
472,Pure Grid,32.70421328542141,0.06260564923286438,2025-12-24T11:33:05.020418
473,Pure Grid,34.17436444915405,0.06260564178228378,2025-12-24T11:33:05.118204
474,Pure Grid,33.53004282314805,0.06260555237531662,2025-12-24T11:33:05.217788
475,Pure Grid,34.04151029595697,0.06260550767183304,2025-12-24T11:33:05.318582
476,Pure Grid,31.252636954955047,0.06260557472705841,2025-12-24T11:33:05.424437
477,Pure Grid,34.35635096921984,0.0626055896282196,2025-12-24T11:33:05.527651
478,Pure Grid,35.43761919960966,0.06260556727647781,2025-12-24T11:33:05.636534
479,Pure Grid,34.722342821863116,0.06260561943054199,2025-12-24T11:33:05.735938
480,Pure Grid,31.16109350195635,0.06260551512241364,2025-12-24T11:33:05.838608
481,Pure Grid,34.221026721403355,0.06260548532009125,2025-12-24T11:33:05.942742
482,Pure Grid,33.492422349976316,0.06260546296834946,2025-12-24T11:33:06.038542
483,Pure Grid,33.30469130817473,0.06260541826486588,2025-12-24T11:33:06.138777
484,Pure Grid,34.95171415253289,0.06260548532009125,2025-12-24T11:33:06.237695
485,Pure Grid,34.90291753515085,0.06260548532009125,2025-12-24T11:33:06.333693
486,Pure Grid,34.998565076426104,0.0626056119799614,2025-12-24T11:33:06.436704
487,Pure Grid,31.665811739764056,0.06260562688112259,2025-12-24T11:33:06.545029
488,Pure Grid,34.93596234891352,0.06260554492473602,2025-12-24T11:33:06.643890
489,Pure Grid,34.555444232183184,0.06260553747415543,2025-12-24T11:33:06.754938
490,Pure Grid,33.89853483536846,0.06260546296834946,2025-12-24T11:33:06.861420
491,Pure Grid,33.05457312712546,0.06260554492473602,2025-12-24T11:33:06.967027
492,Pure Grid,35.885897251351615,0.0626055896282196,2025-12-24T11:33:07.065682
493,Pure Grid,34.69908949501788,0.06260569393634796,2025-12-24T11:33:07.160192
494,Pure Grid,34.5266908002972,0.06260566413402557,2025-12-24T11:33:07.257376
495,Pure Grid,35.76614666137945,0.06260568648576736,2025-12-24T11:33:07.355665
496,Pure Grid,32.66009972379231,0.06260567903518677,2025-12-24T11:33:07.461488
497,Pure Grid,31.97574952602384,0.0626055970788002,2025-12-24T11:33:07.568119
498,Pure Grid,33.22468851723704,0.06260564178228378,2025-12-24T11:33:07.669384
499,Pure Grid,32.677816387011156,0.06260556727647781,2025-12-24T11:33:07.771595
500,Pure Grid,34.50488925752228,0.06260556727647781,2025-12-24T11:33:07.870814
501,Pure Grid,36.304888509902604,0.06260561943054199,2025-12-24T11:33:07.967080
502,Pure Grid,33.05643067381818,0.06260555237531662,2025-12-24T11:33:08.073327
503,Pure Grid,32.555050571965324,0.06260547786951065,2025-12-24T11:33:08.179673
504,Pure Grid,35.018174456785914,0.06260542571544647,2025-12-24T11:33:08.276687
505,Pure Grid,34.3702848211568,0.06260546296834946,2025-12-24T11:33:08.374572
506,Pure Grid,31.992219432989273,0.06260547786951065,2025-12-24T11:33:08.487820
507,Pure Grid,32.703250697414504,0.06260546296834946,2025-12-24T11:33:08.589786
508,Pure Grid,34.09059922343881,0.0626055970788002,2025-12-24T11:33:08.696433
509,Pure Grid,31.89955463054973,0.06260561943054199,2025-12-24T11:33:08.793924
510,Pure Grid,33.90520103863118,0.06260547786951065,2025-12-24T11:33:08.893365
511,Pure Grid,32.1475185787033,0.06260556727647781,2025-12-24T11:33:08.991376
512,Pure Grid,31.72639164250601,0.06260555237531662,2025-12-24T11:33:09.102077
513,Pure Grid,33.2144256553549,0.06260556727647781,2025-12-24T11:33:09.202444
514,Pure Grid,33.03273542857839,0.06260548532009125,2025-12-24T11:33:09.300209
515,Pure Grid,33.12486755302623,0.06260543316602707,2025-12-24T11:33:09.402553
516,Pure Grid,34.00319622186225,0.06260543316602707,2025-12-24T11:33:09.510900
517,Pure Grid,31.565656551106134,0.06260544806718826,2025-12-24T11:33:09.610174
518,Pure Grid,32.918884583503726,0.06260542571544647,2025-12-24T11:33:09.718929
519,Pure Grid,30.165730492957092,0.0626053661108017,2025-12-24T11:33:09.824206
520,Pure Grid,33.6482812624762,0.06260539591312408,2025-12-24T11:33:09.927475
521,Pure Grid,33.02575354414882,0.06260529905557632,2025-12-24T11:33:10.025622
522,Pure Grid,33.7408097749952,0.06260532140731812,2025-12-24T11:33:10.123515
523,Pure Grid,34.01742375415583,0.0626053735613823,2025-12-24T11:33:10.221943
524,Pure Grid,35.73904774575093,0.0626053586602211,2025-12-24T11:33:10.318237
525,Pure Grid,33.38273987437828,0.0626053586602211,2025-12-24T11:33:10.426849
526,Pure Grid,31.96838965379664,0.0626053661108017,2025-12-24T11:33:10.530579
527,Pure Grid,33.134965342452475,0.06260533630847931,2025-12-24T11:33:10.628033
528,Pure Grid,34.44819154058984,0.0626053661108017,2025-12-24T11:33:10.734752
529,Pure Grid,32.39223101681552,0.06260543316602707,2025-12-24T11:33:10.850155
530,Pure Grid,33.410511653210406,0.06260544061660767,2025-12-24T11:33:10.948768
531,Pure Grid,32.680913439170766,0.06260539591312408,2025-12-24T11:33:11.054387
532,Pure Grid,32.64368120040037,0.06260538846254349,2025-12-24T11:33:11.158647
533,Pure Grid,31.695218699633646,0.06260542571544647,2025-12-24T11:33:11.262470
534,Pure Grid,31.560774954680273,0.06260531395673752,2025-12-24T11:33:11.377695
535,Pure Grid,31.175373941114373,0.06260524690151215,2025-12-24T11:33:11.495517
536,Pure Grid,33.61423632211341,0.06260525435209274,2025-12-24T11:33:11.597408
537,Pure Grid,32.93634065450751,0.06260520964860916,2025-12-24T11:33:11.698402
538,Pure Grid,32.016494904504356,0.06260532140731812,2025-12-24T11:33:11.812090
539,Pure Grid,31.086021227072095,0.06260527670383453,2025-12-24T11:33:11.919225
540,Pure Grid,33.137820217554264,0.06260519474744797,2025-12-24T11:33:12.023157
541,Pure Grid,31.95899014968429,0.06260517239570618,2025-12-24T11:33:12.129569
542,Pure Grid,32.41837867358647,0.0626051276922226,2025-12-24T11:33:12.247175
543,Pure Grid,32.61099960308429,0.06260517984628677,2025-12-24T11:33:12.355477
544,Pure Grid,31.50082527656615,0.06260507553815842,2025-12-24T11:33:12.471131
545,Pure Grid,33.56741013106462,0.06260504573583603,2025-12-24T11:33:12.579362
546,Pure Grid,32.60196260603082,0.06260498613119125,2025-12-24T11:33:12.685791
547,Pure Grid,36.26657389558576,0.06260504573583603,2025-12-24T11:33:12.782102
548,Pure Grid,37.91727982700337,0.06260491907596588,2025-12-24T11:33:12.882747
549,Pure Grid,37.94835993803105,0.06260484457015991,2025-12-24T11:33:12.973425
550,Pure Grid,36.9599687058982,0.06260484457015991,2025-12-24T11:33:13.066611
551,Pure Grid,45.80705156134844,0.06260479986667633,2025-12-24T11:33:13.151878
552,Pure Grid,44.83179112798194,0.06260479986667633,2025-12-24T11:33:13.248573
553,Pure Grid,45.30524414936728,0.06260479986667633,2025-12-24T11:33:13.336818
554,Pure Grid,44.312098958264656,0.06260477006435394,2025-12-24T11:33:13.421609
555,Pure Grid,44.58533409337633,0.06260483711957932,2025-12-24T11:33:13.508943
556,Pure Grid,45.793626608826585,0.06260481476783752,2025-12-24T11:33:13.590750
557,Pure Grid,42.519899251524286,0.06260485202074051,2025-12-24T11:33:13.675896
558,Pure Grid,44.03501656321324,0.06260480731725693,2025-12-24T11:33:13.760853
559,Pure Grid,45.96750099689767,0.06260484457015991,2025-12-24T11:33:13.848343
560,Pure Grid,44.54184250025605,0.06260482221841812,2025-12-24T11:33:13.935574
561,Pure Grid,46.41857483406719,0.06260480731725693,2025-12-24T11:33:14.021514
562,Pure Grid,45.069000572401656,0.06260480731725693,2025-12-24T11:33:14.108035
563,Pure Grid,45.71094206530867,0.06260476261377335,2025-12-24T11:33:14.194894
564,Pure Grid,44.23369530228914,0.06260465830564499,2025-12-24T11:33:14.280824
565,Pure Grid,46.653541471773046,0.06260456889867783,2025-12-24T11:33:14.363423
566,Pure Grid,46.48395371169485,0.06260457634925842,2025-12-24T11:33:14.447549
567,Pure Grid,45.395943218512116,0.06260451674461365,2025-12-24T11:33:14.533226
568,Pure Grid,45.72515512496764,0.06260452419519424,2025-12-24T11:33:14.618470
569,Pure Grid,46.21392417307919,0.06260455399751663,2025-12-24T11:33:14.702966
570,Pure Grid,48.41583392442152,0.06260447949171066,2025-12-24T11:33:14.789222
571,Pure Grid,46.68381516650988,0.06260451674461365,2025-12-24T11:33:14.879144
572,Pure Grid,48.460412765357475,0.06260451674461365,2025-12-24T11:33:14.963597
573,Pure Grid,45.24190830853221,0.06260441243648529,2025-12-24T11:33:15.054984
574,Pure Grid,48.15563895445699,0.06260435283184052,2025-12-24T11:33:15.138412
575,Pure Grid,47.158244206912826,0.06260430812835693,2025-12-24T11:33:15.224636
576,Pure Grid,47.17849028044025,0.06260430812835693,2025-12-24T11:33:15.307763
577,Pure Grid,44.538073236652835,0.06260421127080917,2025-12-24T11:33:15.395621
578,Pure Grid,44.63189830209406,0.06260427087545395,2025-12-24T11:33:15.503683
579,Pure Grid,42.336643860661326,0.06260417401790619,2025-12-24T11:33:15.627716
580,Pure Grid,41.29637585630298,0.062604159116745,2025-12-24T11:33:15.751754
581,Pure Grid,46.80793316918391,0.06260410696268082,2025-12-24T11:33:15.862830
582,Pure Grid,43.017598393126725,0.06260403990745544,2025-12-24T11:33:15.972558
583,Pure Grid,44.8663879344161,0.06260406225919724,2025-12-24T11:33:16.071591
584,Pure Grid,40.0188890221775,0.0626041516661644,2025-12-24T11:33:16.189179
585,Pure Grid,44.89962694032419,0.06260416656732559,2025-12-24T11:33:16.285632
586,Pure Grid,36.380437528195316,0.06260410696268082,2025-12-24T11:33:16.400141
587,Pure Grid,36.98799379955936,0.06260404735803604,2025-12-24T11:33:16.511931
588,Pure Grid,35.26739731580957,0.06260404735803604,2025-12-24T11:33:16.621829
589,Pure Grid,33.554344575203785,0.06260404735803604,2025-12-24T11:33:16.734028
590,Pure Grid,34.60998015346287,0.06260405480861664,2025-12-24T11:33:16.837604
591,Pure Grid,36.059686010181046,0.06260407716035843,2025-12-24T11:33:16.945085
592,Pure Grid,34.974940435370314,0.06260409206151962,2025-12-24T11:33:17.061372
593,Pure Grid,33.40493123149772,0.0626041516661644,2025-12-24T11:33:17.174996
594,Pure Grid,33.31245746594069,0.06260412931442261,2025-12-24T11:33:17.294950
595,Pure Grid,32.82864754007453,0.06260420382022858,2025-12-24T11:33:17.400720
596,Pure Grid,32.96674314190575,0.06260424852371216,2025-12-24T11:33:17.500655
597,Pure Grid,33.623504134101985,0.06260431557893753,2025-12-24T11:33:17.599146
598,Pure Grid,32.911300702591504,0.06260430812835693,2025-12-24T11:33:17.700878
599,Pure Grid,33.43542279199973,0.06260430812835693,2025-12-24T11:33:17.803046
600,Hybrid,13.962287869133844,0.03031143546104431,2025-12-24T11:33:18.174035
601,Hybrid,15.475372503745081,0.02985139936208725,2025-12-24T11:33:18.321120
602,Hybrid,16.77404852234524,0.029686339199543,2025-12-24T11:33:18.466614
603,Hybrid,25.791475914756077,0.02960645593702793,2025-12-24T11:33:18.575641
604,Hybrid,24.658905721751946,0.029557976871728897,2025-12-24T11:33:18.680358
605,Hybrid,25.09775574918873,0.029530247673392296,2025-12-24T11:33:18.789848
606,Hybrid,25.562241519021253,0.029507271945476532,2025-12-24T11:33:18.900673
607,Hybrid,25.71500569031906,0.029492206871509552,2025-12-24T11:33:19.011113
608,Hybrid,27.088378576741345,0.029479384422302246,2025-12-24T11:33:19.117343
609,Hybrid,27.33308369138938,0.029469385743141174,2025-12-24T11:33:19.221810
610,Hybrid,28.023292955777862,0.02946106530725956,2025-12-24T11:33:19.327335
611,Hybrid,27.123204485448053,0.029453247785568237,2025-12-24T11:33:19.441418
612,Hybrid,28.473641936240824,0.029447341337800026,2025-12-24T11:33:19.550136
613,Hybrid,28.155055509294563,0.02944139949977398,2025-12-24T11:33:19.655185
614,Hybrid,27.887857312402506,0.029436249285936356,2025-12-24T11:33:19.759383
615,Hybrid,27.195492066237314,0.02943284809589386,2025-12-24T11:33:19.864773
616,Hybrid,27.546236315284755,0.029429296031594276,2025-12-24T11:33:19.970269
617,Hybrid,27.697224967138073,0.02942647971212864,2025-12-24T11:33:20.089124
618,Hybrid,27.482569182143834,0.029423478990793228,2025-12-24T11:33:20.199534
619,Hybrid,27.300549027120365,0.029420729726552963,2025-12-24T11:33:20.306487
620,Hybrid,28.106230292360028,0.029419071972370148,2025-12-24T11:33:20.417492
621,Hybrid,26.403755733239603,0.02941778302192688,2025-12-24T11:33:20.534826
622,Hybrid,28.306800362163717,0.029416251927614212,2025-12-24T11:33:20.640191
623,Hybrid,27.73609656789152,0.02941363863646984,2025-12-24T11:33:20.766659
624,Hybrid,29.63551281937166,0.029411593452095985,2025-12-24T11:33:20.887477
625,Hybrid,29.486608633672663,0.029410194605588913,2025-12-24T11:33:20.987145
626,Hybrid,30.736035844373156,0.029408233240246773,2025-12-24T11:33:21.083151
627,Hybrid,29.28009042960618,0.02940676361322403,2025-12-24T11:33:21.183829
628,Hybrid,29.620063422383428,0.029405787587165833,2025-12-24T11:33:21.296759
629,Hybrid,30.705080747631587,0.029404569417238235,2025-12-24T11:33:21.400806
630,Hybrid,30.17856664566131,0.02940395101904869,2025-12-24T11:33:21.501612
631,Hybrid,28.84804012915853,0.029402829706668854,2025-12-24T11:33:21.603182
632,Hybrid,29.298276919742346,0.02940206043422222,2025-12-24T11:33:21.706851
633,Hybrid,29.37124966462154,0.0294010192155838,2025-12-24T11:33:21.808064
634,Hybrid,28.66758779431345,0.02940000407397747,2025-12-24T11:33:21.908875
635,Hybrid,30.490686708559437,0.029399164021015167,2025-12-24T11:33:22.004784
636,Hybrid,29.893578856304863,0.029398994520306587,2025-12-24T11:33:22.099184
637,Hybrid,29.56602988881288,0.029397936537861824,2025-12-24T11:33:22.201341
638,Hybrid,29.39360980452365,0.02939777821302414,2025-12-24T11:33:22.300538
639,Hybrid,28.38755829081658,0.029397116973996162,2025-12-24T11:33:22.401733
640,Hybrid,30.025431601388703,0.029396623373031616,2025-12-24T11:33:22.502385
641,Hybrid,28.834647772495085,0.029395515099167824,2025-12-24T11:33:22.601801
642,Hybrid,30.645141588392736,0.029394447803497314,2025-12-24T11:33:22.701284
643,Hybrid,29.035920370609603,0.029394065961241722,2025-12-24T11:33:22.800631
644,Hybrid,30.65744893777412,0.029393302276730537,2025-12-24T11:33:22.901524
645,Hybrid,28.737448913944657,0.02939285710453987,2025-12-24T11:33:23.003921
646,Hybrid,29.24267317542492,0.029392367228865623,2025-12-24T11:33:23.105514
647,Hybrid,29.2383981977954,0.029391946271061897,2025-12-24T11:33:23.211302
648,Hybrid,30.122296480073445,0.02939152903854847,2025-12-24T11:33:23.310217
649,Hybrid,29.486086962876588,0.029391225427389145,2025-12-24T11:33:23.411708
650,Hybrid,29.365988378733554,0.02939089573919773,2025-12-24T11:33:23.511708
651,Hybrid,28.67350624123338,0.029390614479780197,2025-12-24T11:33:23.612744
652,Hybrid,29.31425168277883,0.029390275478363037,2025-12-24T11:33:23.711525
653,Hybrid,29.865277721574728,0.029390055686235428,2025-12-24T11:33:23.809030
654,Hybrid,29.486434741356327,0.029389673843979836,2025-12-24T11:33:23.908520
655,Hybrid,30.47730506163663,0.029389124363660812,2025-12-24T11:33:24.009245
656,Hybrid,29.345133897502098,0.029389094561338425,2025-12-24T11:33:24.108682
657,Hybrid,29.493479021104594,0.029388699680566788,2025-12-24T11:33:24.207630
658,Hybrid,28.980635143963752,0.029388245195150375,2025-12-24T11:33:24.309822
659,Hybrid,29.095479721657853,0.029387811198830605,2025-12-24T11:33:24.414232
660,Hybrid,30.511060286740936,0.02938753180205822,2025-12-24T11:33:24.518552
661,Hybrid,30.492453111861067,0.029387284070253372,2025-12-24T11:33:24.618489
662,Hybrid,28.4872690353862,0.02938687987625599,2025-12-24T11:33:24.725650
663,Hybrid,29.130399284741856,0.02938704937696457,2025-12-24T11:33:24.829767
664,Hybrid,29.8530632230311,0.029386848211288452,2025-12-24T11:33:24.929840
665,Hybrid,29.27383325642106,0.029386667534708977,2025-12-24T11:33:25.028448
666,Hybrid,30.47999903201315,0.029386287555098534,2025-12-24T11:33:25.123565
667,Hybrid,30.10606360049343,0.029385847970843315,2025-12-24T11:33:25.222575
668,Hybrid,28.736375352615823,0.029385635629296303,2025-12-24T11:33:25.323428
669,Hybrid,27.876817887828953,0.029385441914200783,2025-12-24T11:33:25.456504
670,Hybrid,28.09099239446123,0.02938533015549183,2025-12-24T11:33:25.614365
671,Hybrid,27.261847295627007,0.029385415837168694,2025-12-24T11:33:25.737567
672,Hybrid,28.87427847788408,0.029385462403297424,2025-12-24T11:33:25.850757
673,Hybrid,27.62766749733843,0.029385458678007126,2025-12-24T11:33:25.974596
674,Hybrid,27.05569147513144,0.029385322704911232,2025-12-24T11:33:26.083767
675,Hybrid,26.487259594335868,0.02938537858426571,2025-12-24T11:33:26.207503
676,Hybrid,27.20829309006624,0.02938506007194519,2025-12-24T11:33:26.339752
677,Hybrid,27.242982896300123,0.029384931549429893,2025-12-24T11:33:26.471195
678,Hybrid,27.869359594485857,0.029384711757302284,2025-12-24T11:33:26.596989
679,Hybrid,26.96239017062166,0.029384741559624672,2025-12-24T11:33:26.721094
680,Hybrid,26.845205220921518,0.02938470058143139,2025-12-24T11:33:26.845197
681,Hybrid,27.554965290984974,0.029384413734078407,2025-12-24T11:33:26.979334
682,Hybrid,26.91688603939153,0.029384266585111618,2025-12-24T11:33:27.097733
683,Hybrid,28.200232988225185,0.02938411757349968,2025-12-24T11:33:27.224898
684,Hybrid,28.304797394562772,0.029383905231952667,2025-12-24T11:33:27.355421
685,Hybrid,27.808366972649086,0.029383931308984756,2025-12-24T11:33:27.480971
686,Hybrid,26.69941797001381,0.029383841902017593,2025-12-24T11:33:27.607691
687,Hybrid,27.613630026977468,0.029383616521954536,2025-12-24T11:33:27.719679
688,Hybrid,26.884105313635366,0.02938336879014969,2025-12-24T11:33:27.846586
689,Hybrid,27.430402255127063,0.029383400455117226,2025-12-24T11:33:27.985816
690,Hybrid,27.46128646672019,0.02938329242169857,2025-12-24T11:33:28.111767
691,Hybrid,27.464529512257286,0.029383111745119095,2025-12-24T11:33:28.227595
692,Hybrid,26.638110576618917,0.0293829757720232,2025-12-24T11:33:28.351138
693,Hybrid,27.201854031687784,0.029382722452282906,2025-12-24T11:33:28.494462
694,Hybrid,27.705512581043273,0.029382722452282906,2025-12-24T11:33:28.641504
695,Hybrid,30.00255031303586,0.029382726177573204,2025-12-24T11:33:28.787650
696,Hybrid,30.723570825172867,0.029382510110735893,2025-12-24T11:33:28.886813
697,Hybrid,28.64771332194413,0.029382584616541862,2025-12-24T11:33:28.986844
698,Hybrid,28.98550719003972,0.02938244305551052,2025-12-24T11:33:29.086891
699,Hybrid,29.09954374549089,0.02938222326338291,2025-12-24T11:33:29.204041
700,Hybrid,29.475049360875353,0.029382159933447838,2025-12-24T11:33:29.308658
701,Hybrid,28.698769098082096,0.029382001608610153,2025-12-24T11:33:29.417741
702,Hybrid,28.309765412588888,0.029381930828094482,2025-12-24T11:33:29.520301
703,Hybrid,30.952469368433764,0.029381636530160904,2025-12-24T11:33:29.625476
704,Hybrid,29.503137660256836,0.029381491243839264,2025-12-24T11:33:29.727420
705,Hybrid,29.097088262014804,0.029381416738033295,2025-12-24T11:33:29.832456
706,Hybrid,28.468373101782618,0.02938121370971203,2025-12-24T11:33:29.935764
707,Hybrid,29.34788981530682,0.02938113361597061,2025-12-24T11:33:30.038692
708,Hybrid,30.601534425344283,0.029381049796938896,2025-12-24T11:33:30.138166
709,Hybrid,29.27229080278816,0.02938081882894039,2025-12-24T11:33:30.239685
710,Hybrid,29.71732876820025,0.0293807964771986,2025-12-24T11:33:30.343459
711,Hybrid,29.49330504774515,0.029380613937973976,2025-12-24T11:33:30.446446
712,Hybrid,29.03996767377354,0.02938048169016838,2025-12-24T11:33:30.549779
713,Hybrid,29.90877823510702,0.029380301013588905,2025-12-24T11:33:30.652470
714,Hybrid,29.26064205988259,0.02938028611242771,2025-12-24T11:33:30.754162
715,Hybrid,27.268091636456127,0.029380211606621742,2025-12-24T11:33:30.889730
716,Hybrid,27.00826716461864,0.02938018925487995,2025-12-24T11:33:31.018597
717,Hybrid,27.75187603706667,0.02938011847436428,2025-12-24T11:33:31.145873
718,Hybrid,27.233189652276728,0.029380083084106445,2025-12-24T11:33:31.285756
719,Hybrid,26.667306703458184,0.029380185529589653,2025-12-24T11:33:31.418154
720,Hybrid,27.997715369029713,0.029380111023783684,2025-12-24T11:33:31.539715
721,Hybrid,27.712192232792138,0.029379915446043015,2025-12-24T11:33:31.660735
722,Hybrid,27.930308310291792,0.02937992848455906,2025-12-24T11:33:31.795823
723,Hybrid,29.110386497579512,0.02937997318804264,2025-12-24T11:33:31.913917
724,Hybrid,26.39797046186591,0.02937994711101055,2025-12-24T11:33:32.047772
725,Hybrid,26.513594848962537,0.029379870742559433,2025-12-24T11:33:32.175692
726,Hybrid,28.41845602543759,0.029379693791270256,2025-12-24T11:33:32.287761
727,Hybrid,28.83938768121849,0.02937966212630272,2025-12-24T11:33:32.406212
728,Hybrid,26.817847816358846,0.029379675164818764,2025-12-24T11:33:32.536802
729,Hybrid,27.03754973597506,0.029379507526755333,2025-12-24T11:33:32.653468
730,Hybrid,28.116345406716,0.029379436746239662,2025-12-24T11:33:32.778588
731,Hybrid,26.914205566546162,0.02937922067940235,2025-12-24T11:33:32.900335
732,Hybrid,28.7751566737977,0.029379157349467278,2025-12-24T11:33:33.009633
733,Hybrid,27.939984910797047,0.02937903441488743,2025-12-24T11:33:33.123623
734,Hybrid,27.14595570325877,0.029379038140177727,2025-12-24T11:33:33.238034
735,Hybrid,26.583584066820958,0.029379015788435936,2025-12-24T11:33:33.349534
736,Hybrid,27.66841069921689,0.029378945007920265,2025-12-24T11:33:33.462362
737,Hybrid,27.17435610576794,0.029378915205597878,2025-12-24T11:33:33.582664
738,Hybrid,27.448472360734034,0.029378963634371758,2025-12-24T11:33:33.689429
739,Hybrid,26.45845624660679,0.029378997161984444,2025-12-24T11:33:33.813754
740,Hybrid,26.79025910488391,0.029378902167081833,2025-12-24T11:33:33.935640
741,Hybrid,26.50846411674799,0.029378822073340416,2025-12-24T11:33:34.057627
742,Hybrid,27.29846227480937,0.029378851875662804,2025-12-24T11:33:34.174054
743,Hybrid,27.90887198508094,0.02937883883714676,2025-12-24T11:33:34.298388
744,Hybrid,26.7916227652903,0.029378773644566536,2025-12-24T11:33:34.423543
745,Hybrid,26.73839685437019,0.029378701001405716,2025-12-24T11:33:34.550180
746,Hybrid,27.370864289065956,0.029378680512309074,2025-12-24T11:33:34.679190
747,Hybrid,26.29185007106169,0.029378678649663925,2025-12-24T11:33:34.799743
748,Hybrid,27.718183705168233,0.029378671199083328,2025-12-24T11:33:34.922482
749,Hybrid,26.98334318107208,0.029378702864050865,2025-12-24T11:33:35.045430
750,Hybrid,26.63626575911081,0.02937859669327736,2025-12-24T11:33:35.173476
751,Hybrid,27.66534885096606,0.02937859483063221,2025-12-24T11:33:35.293349
752,Hybrid,28.42685770242942,0.029378516599535942,2025-12-24T11:33:35.415355
753,Hybrid,27.38233121637612,0.029378533363342285,2025-12-24T11:33:35.545401
754,Hybrid,27.091387432863783,0.029378563165664673,2025-12-24T11:33:35.671990
755,Hybrid,28.62245830676531,0.029378533363342285,2025-12-24T11:33:35.789764
756,Hybrid,27.75256920961916,0.029378479346632957,2025-12-24T11:33:35.911738
757,Hybrid,26.59326919664924,0.029378417879343033,2025-12-24T11:33:36.029820
758,Hybrid,27.092855410126756,0.029378514736890793,2025-12-24T11:33:36.144949
759,Hybrid,26.84376395724244,0.029378360137343407,2025-12-24T11:33:36.264588
760,Hybrid,27.727098803473613,0.029378356412053108,2025-12-24T11:33:36.390082
761,Hybrid,27.288107847667526,0.029378186911344528,2025-12-24T11:33:36.514075
762,Hybrid,27.224292732606074,0.029378186911344528,2025-12-24T11:33:36.635770
763,Hybrid,28.13018657784682,0.029378240928053856,2025-12-24T11:33:36.749013
764,Hybrid,27.273892595247197,0.029378196224570274,2025-12-24T11:33:36.855402
765,Hybrid,27.71388187298615,0.029378073289990425,2025-12-24T11:33:36.965229
766,Hybrid,28.737614084345665,0.02937796339392662,2025-12-24T11:33:37.069764
767,Hybrid,28.221322932387963,0.02937796153128147,2025-12-24T11:33:37.183425
768,Hybrid,28.87111065030511,0.02937786467373371,2025-12-24T11:33:37.282134
769,Hybrid,27.37506019651077,0.029377881437540054,2025-12-24T11:33:37.381124
770,Hybrid,27.68963252067468,0.029377788305282593,2025-12-24T11:33:37.489509
771,Hybrid,27.880781778140356,0.029377780854701996,2025-12-24T11:33:37.594028
772,Hybrid,27.407547534509604,0.029377752915024757,2025-12-24T11:33:37.704541
773,Hybrid,27.965769910458814,0.029377661645412445,2025-12-24T11:33:37.807364
774,Hybrid,27.7340965401548,0.02937760017812252,2025-12-24T11:33:37.913454
775,Hybrid,27.899138992236843,0.029377559199929237,2025-12-24T11:33:38.013191
776,Hybrid,27.24506117498472,0.029377581551671028,2025-12-24T11:33:38.119654
777,Hybrid,27.232373859222733,0.029377510771155357,2025-12-24T11:33:38.238191
778,Hybrid,27.232373859222733,0.029377497732639313,2025-12-24T11:33:38.349159
779,Hybrid,27.955293827069063,0.029377559199929237,2025-12-24T11:33:38.463006
780,Hybrid,28.052222048450247,0.029377572238445282,2025-12-24T11:33:38.578763
781,Hybrid,28.189024290434194,0.029377559199929237,2025-12-24T11:33:38.688650
782,Hybrid,28.331501260710283,0.02937752939760685,2025-12-24T11:33:38.794338
783,Hybrid,27.872466678901876,0.029377559199929237,2025-12-24T11:33:38.896598
784,Hybrid,28.71228282272528,0.029377421364188194,2025-12-24T11:33:38.997754
785,Hybrid,28.2774241452486,0.029377514496445656,2025-12-24T11:33:39.099302
786,Hybrid,28.480453902981672,0.029377510771155357,2025-12-24T11:33:39.199839
787,Hybrid,27.28408734901593,0.02937745861709118,2025-12-24T11:33:39.303818
788,Hybrid,28.09738554715154,0.029377413913607597,2025-12-24T11:33:39.412685
789,Hybrid,28.31657936808649,0.02937740832567215,2025-12-24T11:33:39.520147
790,Hybrid,27.985648941169895,0.029377363622188568,2025-12-24T11:33:39.625109
791,Hybrid,28.334631965474554,0.029377365484833717,2025-12-24T11:33:39.737994
792,Hybrid,28.098727708707226,0.029377341270446777,2025-12-24T11:33:39.841038
793,Hybrid,27.492996152308287,0.02937738597393036,2025-12-24T11:33:39.945800
794,Hybrid,27.66274681271446,0.029377391561865807,2025-12-24T11:33:40.052556
795,Hybrid,28.23710125638635,0.029377315193414688,2025-12-24T11:33:40.159124
796,Hybrid,26.73853992782799,0.029377305880188942,2025-12-24T11:33:40.266647
797,Hybrid,27.245358097824862,0.029377209022641182,2025-12-24T11:33:40.370529
798,Hybrid,27.852282688983212,0.02937718853354454,2025-12-24T11:33:40.482779
799,Hybrid,27.259320602306477,0.029377179220318794,2025-12-24T11:33:40.598735
800,Hybrid,27.539712261292316,0.02937709353864193,2025-12-24T11:33:40.733222
801,Hybrid,26.86078056803166,0.029377005994319916,2025-12-24T11:33:40.870267
802,Hybrid,27.072391571598775,0.02937694452702999,2025-12-24T11:33:41.001618
803,Hybrid,27.606921584236833,0.029376983642578125,2025-12-24T11:33:41.135975
804,Hybrid,29.20219602186231,0.029376953840255737,2025-12-24T11:33:41.262650
805,Hybrid,28.309044220233716,0.029376929625868797,2025-12-24T11:33:41.392691
806,Hybrid,27.69400343432115,0.029376931488513947,2025-12-24T11:33:41.525244
807,Hybrid,27.512587062787393,0.0293769221752882,2025-12-24T11:33:41.654764
808,Hybrid,27.75711419850052,0.02937689609825611,2025-12-24T11:33:41.801095
809,Hybrid,27.359781151170697,0.029376942664384842,2025-12-24T11:33:41.938836
810,Hybrid,28.79952076159682,0.029376938939094543,2025-12-24T11:33:42.069072
811,Hybrid,26.731035007790148,0.029376979917287827,2025-12-24T11:33:42.202822
812,Hybrid,28.379018842431027,0.029376978054642677,2025-12-24T11:33:42.327732
813,Hybrid,27.651884943396983,0.029377024620771408,2025-12-24T11:33:42.456806
814,Hybrid,27.335399907423618,0.02937699668109417,2025-12-24T11:33:42.586743
815,Hybrid,28.31762179166443,0.029376989230513573,2025-12-24T11:33:42.709769
816,Hybrid,27.627285766842743,0.029377013444900513,2025-12-24T11:33:42.820993
817,Hybrid,27.787117345958006,0.029377037659287453,2025-12-24T11:33:42.938401
818,Hybrid,27.78549596805447,0.02937702275812626,2025-12-24T11:33:43.042607
819,Hybrid,28.453468641703545,0.029376987367868423,2025-12-24T11:33:43.149045
820,Hybrid,28.490921391639205,0.02937697060406208,2025-12-24T11:33:43.255825
821,Hybrid,26.568257849064665,0.029376961290836334,2025-12-24T11:33:43.362847
822,Hybrid,28.935603768118007,0.029376890510320663,2025-12-24T11:33:43.483278
823,Hybrid,28.788908210783816,0.029376832768321037,2025-12-24T11:33:43.591251
824,Hybrid,26.68175079837749,0.0293768011033535,2025-12-24T11:33:43.705930
825,Hybrid,27.82167419951519,0.029376816004514694,2025-12-24T11:33:43.811325
826,Hybrid,26.88786419435495,0.029376842081546783,2025-12-24T11:33:43.930359
827,Hybrid,27.217253545726187,0.029376860707998276,2025-12-24T11:33:44.050693
828,Hybrid,28.329655216829973,0.029376816004514694,2025-12-24T11:33:44.176914
829,Hybrid,28.069387505289193,0.029376789927482605,2025-12-24T11:33:44.300875
830,Hybrid,27.30129437312129,0.02937673032283783,2025-12-24T11:33:44.410740
831,Hybrid,27.862836872088145,0.029376797378063202,2025-12-24T11:33:44.538945
832,Hybrid,28.409090875116398,0.029376735910773277,2025-12-24T11:33:44.654665
833,Hybrid,27.55693947694837,0.029376696795225143,2025-12-24T11:33:44.760844
834,Hybrid,27.094984174295394,0.029376722872257233,2025-12-24T11:33:44.867468
835,Hybrid,27.43702508631342,0.029376700520515442,2025-12-24T11:33:44.987413
836,Hybrid,27.955059468691076,0.029376672580838203,2025-12-24T11:33:45.097536
837,Hybrid,27.13453851087646,0.029376719146966934,2025-12-24T11:33:45.201453
838,Hybrid,26.69991690139305,0.029376668855547905,2025-12-24T11:33:45.304054
839,Hybrid,26.555699247336502,0.02937665954232216,2025-12-24T11:33:45.412758
840,Hybrid,27.851817153120624,0.029376665130257607,2025-12-24T11:33:45.532959
841,Hybrid,27.552915382383105,0.02937668189406395,2025-12-24T11:33:45.639619
842,Hybrid,28.107099282042693,0.029376691207289696,2025-12-24T11:33:45.741071
843,Hybrid,28.058203924117013,0.029376687481999397,2025-12-24T11:33:45.843211
844,Hybrid,27.56863905873133,0.02937663346529007,2025-12-24T11:33:45.954438
845,Hybrid,27.83282491760692,0.029376637190580368,2025-12-24T11:33:46.057967
846,Hybrid,27.937018851516996,0.029376642778515816,2025-12-24T11:33:46.165856
847,Hybrid,26.46314744832133,0.029376661404967308,2025-12-24T11:33:46.279768
848,Hybrid,28.240849251608672,0.029376624152064323,2025-12-24T11:33:46.395089
849,Hybrid,26.909497920268425,0.029376650229096413,2025-12-24T11:33:46.521748
850,Hybrid,27.334279108713442,0.02937662973999977,2025-12-24T11:33:46.625865
851,Hybrid,26.720178203233445,0.029376588761806488,2025-12-24T11:33:46.728746
852,Hybrid,28.51098527001755,0.029376579448580742,2025-12-24T11:33:46.830787
853,Hybrid,27.82151939008676,0.0293765626847744,2025-12-24T11:33:46.935205
854,Hybrid,29.062164005712074,0.029376568272709846,2025-12-24T11:33:47.042966
855,Hybrid,27.76913854226339,0.029376544058322906,2025-12-24T11:33:47.161768
856,Hybrid,27.390506452152366,0.029376519843935966,2025-12-24T11:33:47.280574
857,Hybrid,27.113203096358944,0.02937646582722664,2025-12-24T11:33:47.387411
858,Hybrid,27.832437586976422,0.02937641739845276,2025-12-24T11:33:47.515853
859,Hybrid,27.082876300798247,0.029376424849033356,2025-12-24T11:33:47.622594
860,Hybrid,27.688865731064695,0.029376473277807236,2025-12-24T11:33:47.727349
861,Hybrid,27.95209011718344,0.029376430436968803,2025-12-24T11:33:47.829412
862,Hybrid,28.62335960701181,0.029376395046710968,2025-12-24T11:33:47.936671
863,Hybrid,28.269989645502655,0.029376398772001266,2025-12-24T11:33:48.045437
864,Hybrid,27.776311822626713,0.029376333579421043,2025-12-24T11:33:48.148078
865,Hybrid,27.658462169486466,0.02937631867825985,2025-12-24T11:33:48.257336
866,Hybrid,26.95294279380713,0.029376320540905,2025-12-24T11:33:48.361426
867,Hybrid,27.865864941136888,0.029376320540905,2025-12-24T11:33:48.484265
868,Hybrid,28.473966241717935,0.029376327991485596,2025-12-24T11:33:48.602337
869,Hybrid,29.18021109655377,0.029376320540905,2025-12-24T11:33:48.708063
870,Hybrid,27.16867122065139,0.029376238584518433,2025-12-24T11:33:48.814549
871,Hybrid,27.217401703438927,0.029376257210969925,2025-12-24T11:33:48.916611
872,Hybrid,28.05631469785624,0.029376186430454254,2025-12-24T11:33:49.020916
873,Hybrid,28.17544280554762,0.02937616966664791,2025-12-24T11:33:49.125938
874,Hybrid,28.569714348907382,0.029376132413744926,2025-12-24T11:33:49.232403
875,Hybrid,27.493827635106683,0.02937615104019642,2025-12-24T11:33:49.344329
876,Hybrid,27.73978968474277,0.029376154765486717,2025-12-24T11:33:49.467151
877,Hybrid,28.37708607444913,0.02937609888613224,2025-12-24T11:33:49.574036
878,Hybrid,28.89037834777796,0.029375987127423286,2025-12-24T11:33:49.682171
879,Hybrid,28.27830375329459,0.029375987127423286,2025-12-24T11:33:49.789801
880,Hybrid,28.29911024712622,0.029376009479165077,2025-12-24T11:33:49.895473
881,Hybrid,26.779784439612158,0.02937595546245575,2025-12-24T11:33:49.999204
882,Hybrid,27.52561264781731,0.029375925660133362,2025-12-24T11:33:50.101043
883,Hybrid,27.954981319779492,0.02937588468194008,2025-12-24T11:33:50.210766
884,Hybrid,27.42671583040297,0.02937585860490799,2025-12-24T11:33:50.315575
885,Hybrid,27.37985719456599,0.029375886544585228,2025-12-24T11:33:50.422373
886,Hybrid,27.279547186047708,0.029375871643424034,2025-12-24T11:33:50.540671
887,Hybrid,27.583543634033475,0.029375849291682243,2025-12-24T11:33:50.642513
888,Hybrid,28.479237241312315,0.029375828802585602,2025-12-24T11:33:50.747647
889,Hybrid,27.932960838773564,0.029375765472650528,2025-12-24T11:33:50.855073
890,Hybrid,27.339809187239496,0.029375744983553886,2025-12-24T11:33:50.973034
891,Hybrid,27.301890679225327,0.02937573567032814,2025-12-24T11:33:51.082090
892,Hybrid,28.495873764401296,0.029375720769166946,2025-12-24T11:33:51.198539
893,Hybrid,26.863089588989006,0.029375694692134857,2025-12-24T11:33:51.310694
894,Hybrid,28.165840445994494,0.02937569096684456,2025-12-24T11:33:51.424270
895,Hybrid,27.220068818118207,0.029375677928328514,2025-12-24T11:33:51.544217
896,Hybrid,28.665122591451464,0.029375668615102768,2025-12-24T11:33:51.657196
897,Hybrid,28.0188959046187,0.029375672340393066,2025-12-24T11:33:51.760708
898,Hybrid,27.922899340386532,0.02937564067542553,2025-12-24T11:33:51.868960
899,Hybrid,27.98643216559941,0.029375597834587097,2025-12-24T11:33:51.978492
